Channel ID,Comment ID,Comment create timestamp,Price,Parent comment ID,Post ID,Video ID,Comment text
UC_demo_aarav_frames,Uge303801eb86850398b7113eb0e56ab60,2024-07-08T11:05:00+00:00,,,,demo0000000,"{""text"": ""@devika.lightnotes your suggestion on Instagram helped: I moved two steps left at the blue bus shelter and the sign stopped cutting through the frame.""}"
UC_demo_aarav_frames,Ug3366f5d762ca5ca48bef4ae188a75949,2024-07-08T11:06:23+00:00,,Uge303801eb86850398b7113eb0e56ab60,,demo0000000,"{""text"": ""Update after another walk: choosing six frames from one place taught me more than posting thirty unrelated ones.""}"
UC_demo_aarav_frames,Ug9ac3c2b9b53d5ab8b03b6e2808dcaea4,2025-05-01T15:57:59+00:00,,,,demo0000000,"{""text"": ""Something odd in the campus gate set: wide street frame has a snag — the foreground obscures the crossing.""}"
UC_demo_aarav_frames,Ugef8ec3ec38d35dadb5e34c1dbb6560da,2025-05-01T15:59:36+00:00,,Ug9ac3c2b9b53d5ab8b03b6e2808dcaea4,,demo0000000,"{""text"": ""I went back to wide street frame in the campus gate set to look at the frame just before the foreground entered.""}"
UC_demo_aarav_frames,Uga9e6221b09b850ccb781a33c8d7bf4ba,2025-05-03T14:59:17+00:00,,,,demo0000000,"{""text"": ""Would you have a minute for window-light study in the steps-and-shadows set, where the highlight competes with the face? 😅""}"
UC_demo_aarav_frames,Ugec6cdb9c78425802a09095903386cc69,2025-05-03T15:00:54+00:00,,Uga9e6221b09b850ccb781a33c8d7bf4ba,,demo0000000,"{""text"": ""The change I tried in the steps-and-shadows set was to compare the quieter frame from the same set for window-light study.""}"
UC_demo_aarav_frames,Ug2eb99ca82fe65f03ad8c15df7e17eda5,2025-05-03T15:02:31+00:00,,Ugec6cdb9c78425802a09095903386cc69,,demo0000000,"{""text"": ""Finished checking window-light study in the steps-and-shadows set and, yes, the expression is easier to see.""}"
UC_demo_aarav_frames,Uge02b0c8fad1a59e6934417643b0161da,2025-05-03T15:04:08+00:00,,Ug2eb99ca82fe65f03ad8c15df7e17eda5,,demo0000000,"{""text"": ""The unedited selection now sits alongside my window-light study notes for the steps-and-shadows set.""}"
UC_demo_aarav_frames,Ugc158c9f36ef25b6982d2ebe5881cb0e8,2026-08-15T16:42:09+00:00,,,,demo0000000,"{""text"": ""Sorry, saw this late; on archive folder from the campus gate set, I cannot tell edited files from originals.""}"
UC_demo_aarav_frames,Ug585b2130e07b5c3abe3ae5c857cb8179,2026-08-15T16:43:46+00:00,,Ugc158c9f36ef25b6982d2ebe5881cb0e8,,demo0000000,"{""text"": ""Testing one change to archive folder from the campus gate set: use separate original and export folders.""}"
UC_demo_aarav_frames,Ug9c9a2661eff45e60a0d73f91a6730391,2026-08-15T16:45:23+00:00,,Ug585b2130e07b5c3abe3ae5c857cb8179,,demo0000000,"{""text"": ""I see what you meant about archive folder in the campus gate set — the untouched files are easy to locate.""}"
UC_demo_aarav_frames,Ug137853e3ec8e51d29ef8c4f8e3d7aeec,2026-08-15T16:47:00+00:00,,Ug9c9a2661eff45e60a0d73f91a6730391,,demo0000000,"{""text"": ""My useful takeaway from the campus gate set: keep the folder diagram beside archive folder.""}"
UC_demo_aarav_frames,Ug35800be50f6e56d593b00e3e86e025e6,2024-10-26T14:55:50+00:00,,,,demo0000001,"{""text"": ""Back at the courtyard set, trying to understand why, in market sequence, three near-identical frames slow it down. 🫠""}"
UC_demo_aarav_frames,Ug66c747f2a6cb5d76b02c15b0867dfcff,2024-10-26T14:57:27+00:00,,Ug35800be50f6e56d593b00e3e86e025e6,,demo0000001,"{""text"": ""Testing one change to market sequence from the courtyard set: keep the frame with the clearest gesture.""}"
UC_demo_aarav_frames,Ugc1d51392bb025e4a9f282a74a31907f4,2024-10-26T14:59:04+00:00,,Ug66c747f2a6cb5d76b02c15b0867dfcff,,demo0000001,"{""text"": ""Just compared market sequence again in the courtyard set; the sequence moves without that repetition.""}"
UC_demo_aarav_frames,Uge818c85838855cb4982deb5d8fe004a2,2024-10-26T15:00:41+00:00,,Ugc1d51392bb025e4a9f282a74a31907f4,,demo0000001,"{""text"": ""My useful takeaway from the courtyard set: keep the rejected-frame folder beside market sequence. 👍""}"
UC_demo_aarav_frames,Ug05292cb4b6bc5874aa75c680ff2ca70f,2026-08-28T16:19:28+00:00,,,,demo0000001,"{""text"": ""Sending contact sheet from the quiet-corner series over because the bright corner pulls my eye away.""}"
UC_demo_aarav_frames,Ugc178f9dd81f25eed9cb51bd40a18da9f,2026-08-28T16:21:05+00:00,,Ug05292cb4b6bc5874aa75c680ff2ca70f,,demo0000001,"{""text"": ""For contact sheet in the quiet-corner series, my experiment was to compare a crop that leaves less of that corner.""}"
UC_demo_aarav_frames,Ug30b8e37ae79d50c988f4c772212b762c,2026-08-28T16:22:42+00:00,,Ugc178f9dd81f25eed9cb51bd40a18da9f,,demo0000001,"{""text"": ""Back with the quiet-corner series result for contact sheet: the main shape is easier to notice.""}"
UC_demo_aarav_frames,Ug388f88cd1ced52d1a23caeb202e3e6d3,2026-08-28T16:24:19+00:00,,Ug30b8e37ae79d50c988f4c772212b762c,,demo0000001,"{""text"": ""My useful takeaway from the quiet-corner series: keep the uncropped original beside contact sheet.""}"
UC_demo_aarav_frames,Ugdf31c027589b53db87935e3fe8d5ad3b,2024-12-17T11:14:16+00:00,,,,demo0000002,"{""text"": ""Sending wide street frame from the puddle-reflection set over because the foreground obscures the crossing.""}"
UC_demo_aarav_frames,Ugb3d357b063635b1a9eeb77235d641aed,2024-12-17T11:15:53+00:00,,Ugdf31c027589b53db87935e3fe8d5ad3b,,demo0000002,"{""text"": ""For wide street frame in the puddle-reflection set, my experiment was to look at the frame just before the foreground entered. 🙌""}"
UC_demo_aarav_frames,Ug0abadf70d3255b018345f096b237349d,2024-12-17T11:17:30+00:00,,Ugb3d357b063635b1a9eeb77235d641aed,,demo0000002,"{""text"": ""The revised wide street frame for the puddle-reflection set makes more sense — the crossing is visible without a forced crop.""}"
UC_demo_aarav_frames,Ugeff1ae9bd4105c0b86910da5a02b6560,2024-12-17T11:19:07+00:00,,Ug0abadf70d3255b018345f096b237349d,,demo0000002,"{""text"": ""My useful takeaway from the puddle-reflection set: keep the adjacent frames beside wide street frame. ✨""}"
UC_demo_aarav_frames,Ug949553d33bc158d1a899d336e94acbcd,2024-12-23T15:49:48+00:00,,,,demo0000002,"{""text"": ""Back at the bus shelter study, trying to understand why, in market sequence, three near-identical frames slow it down.""}"
UC_demo_aarav_frames,Ug2ef4db050d265086857604026408abbb,2024-12-23T15:51:25+00:00,,Ug949553d33bc158d1a899d336e94acbcd,,demo0000002,"{""text"": ""The change I tried in the bus shelter study was to keep the frame with the clearest gesture for market sequence.""}"
UC_demo_aarav_frames,Ugf739e70536645a6782a04ed03f9085c3,2024-12-23T15:53:02+00:00,,Ug2ef4db050d265086857604026408abbb,,demo0000002,"{""text"": ""That helped with market sequence from the bus shelter study: the sequence moves without that repetition.""}"
UC_demo_aarav_frames,Ug33a215ed65d75ddb881872b95885142a,2024-12-23T15:54:39+00:00,,Ugf739e70536645a6782a04ed03f9085c3,,demo0000002,"{""text"": ""I saved the rejected-frame folder from the market sequence experiment in the bus shelter study.""}"
UC_demo_aarav_frames,Ug0fe6006241b95a5da4f2aaad622c4523,2025-03-15T14:11:00+00:00,,,,demo0000002,"{""text"": ""Quick check on window-light study in the quiet-corner series: the highlight competes with the face.""}"
UC_demo_aarav_frames,Ug8a8915bbde7d53009f18ca6de9c3defe,2025-03-15T14:12:37+00:00,,Ug0fe6006241b95a5da4f2aaad622c4523,,demo0000002,"{""text"": ""The change I tried in the quiet-corner series was to compare the quieter frame from the same set for window-light study. 😅""}"
UC_demo_aarav_frames,Ug4e707445eab450c899b5d99467f9391c,2025-03-15T14:14:14+00:00,,Ug8a8915bbde7d53009f18ca6de9c3defe,,demo0000002,"{""text"": ""That helped with window-light study from the quiet-corner series: the expression is easier to see.""}"
UC_demo_aarav_frames,Ug6c01c3fc67ce53e99358e0245219604d,2025-03-15T14:15:51+00:00,,Ug4e707445eab450c899b5d99467f9391c,,demo0000002,"{""text"": ""The unedited selection now sits alongside my window-light study notes for the quiet-corner series.""}"
UC_demo_aarav_frames,Uge4e0d30aa6df51d8b7a2e02da35c8cbc,2025-08-02T15:50:56+00:00,,,,demo0000003,"{""text"": ""Something odd in the campus gate set: wide street frame has a snag — the foreground obscures the crossing.""}"
UC_demo_aarav_frames,Ug75c95233476e56a2850a9fc6d2432fd7,2025-08-02T15:52:33+00:00,,Uge4e0d30aa6df51d8b7a2e02da35c8cbc,,demo0000003,"{""text"": ""I went back to wide street frame in the campus gate set to look at the frame just before the foreground entered. ✅""}"
UC_demo_aarav_frames,Ugf68fe86160275a68a2782bd82d7caae2,2025-08-02T15:54:10+00:00,,Ug75c95233476e56a2850a9fc6d2432fd7,,demo0000003,"{""text"": ""That helped with wide street frame from the campus gate set: the crossing is visible without a forced crop.""}"
UC_demo_aarav_frames,Ug705ed703c5195fd1ba8306996b1d1d64,2025-08-02T15:55:47+00:00,,Ugf68fe86160275a68a2782bd82d7caae2,,demo0000003,"{""text"": ""Keeping the adjacent frames with wide street frame from the campus gate set for future comparison.""}"
UC_demo_aarav_frames,Ug2b98d1ddfb165dafa6fa88bb34383e56,2026-01-23T17:49:25+00:00,,,,demo0000003,"{""text"": ""Something odd in the wide-street study: Sunday shortlist has a snag — the strongest image is buried near the end.""}"
UC_demo_aarav_frames,Ug0af55de385dc52eb9b48f9f6484ba687,2026-01-23T17:51:02+00:00,,Ug2b98d1ddfb165dafa6fa88bb34383e56,,demo0000003,"{""text"": ""For Sunday shortlist in the wide-street study, my experiment was to try opening with the quieter but clearer scene.""}"
UC_demo_aarav_frames,Ug55ec6440cb235cd69c4c17d41977ca3e,2026-01-23T17:52:39+00:00,,Ug0af55de385dc52eb9b48f9f6484ba687,,demo0000003,"{""text"": ""Okay, with the change to Sunday shortlist in the wide-street study, the opening gives the rest some context.""}"
UC_demo_aarav_frames,Ug98034462b5df53c2833effd70bcc3cc1,2026-01-23T17:54:16+00:00,,Ug55ec6440cb235cd69c4c17d41977ca3e,,demo0000003,"{""text"": ""The previous ordering now sits alongside my Sunday shortlist notes for the wide-street study.""}"
UC_demo_aarav_frames,Ug92f4cdfd24155f978989daa96732d311,2026-03-11T18:02:18+00:00,,,,demo0000003,"{""text"": ""Would you have a minute for archive folder in the campus gate set, where I cannot tell edited files from originals? 😭""}"
UC_demo_aarav_frames,Ug47ebd7b1b716589fa544ad2953fcdf82,2026-03-11T18:03:55+00:00,,Ug92f4cdfd24155f978989daa96732d311,,demo0000003,"{""text"": ""The change I tried in the campus gate set was to use separate original and export folders for archive folder. 😭""}"
UC_demo_aarav_frames,Ug1aad176d8b9554ba8f01084214a8b165,2026-03-11T18:05:32+00:00,,Ug47ebd7b1b716589fa544ad2953fcdf82,,demo0000003,"{""text"": ""The difference in the campus gate set is visible now; for archive folder, the untouched files are easy to locate.""}"
UC_demo_aarav_frames,Ugc2c9208a147451e7b76f64f9cf678b50,2026-03-11T18:07:09+00:00,,Ug1aad176d8b9554ba8f01084214a8b165,,demo0000003,"{""text"": ""I saved the folder diagram from the archive folder experiment in the campus gate set.""}"
UC_demo_aarav_frames,Ug9cb82ee7dbd0526c8c3a151a9c7ff2ea,2024-06-22T04:41:54+00:00,,,,demo0000004,"{""text"": ""Tiny question about the blue-door study — with shadow pair, the second image repeats the first idea.""}"
UC_demo_aarav_frames,Ug706285c747265ba4aec8072060cdf636,2024-06-22T04:43:31+00:00,,Ug9cb82ee7dbd0526c8c3a151a9c7ff2ea,,demo0000004,"{""text"": ""For shadow pair in the blue-door study, my experiment was to put the wider scene between the close details. 😅""}"
UC_demo_aarav_frames,Ugcd6c63a21dc857d6b20a401ca11d8f72,2024-06-22T04:45:08+00:00,,Ug706285c747265ba4aec8072060cdf636,,demo0000004,"{""text"": ""The revised shadow pair for the blue-door study makes more sense — the two details have different roles.""}"
UC_demo_aarav_frames,Ug0dba729b1b4d5a76af9d831815e2ba9b,2024-06-22T04:46:45+00:00,,Ugcd6c63a21dc857d6b20a401ca11d8f72,,demo0000004,"{""text"": ""The sequence draft now sits alongside my shadow pair notes for the blue-door study.""}"
UC_demo_aarav_frames,Ug4a6a03502d2358bcad2937e82d1e97c6,2026-01-09T06:59:52+00:00,,,,demo0000004,"{""text"": ""Something odd in the blue-door study: wide street frame has a snag — the foreground obscures the crossing. 🤔""}"
UC_demo_aarav_frames,Ugb54466fb1f56581fa30099861f34ee7b,2026-01-09T07:01:29+00:00,,Ug4a6a03502d2358bcad2937e82d1e97c6,,demo0000004,"{""text"": ""Testing one change to wide street frame from the blue-door study: look at the frame just before the foreground entered.""}"
UC_demo_aarav_frames,Ug7e57b21f43bd54fab0fc5935f71fb945,2026-01-09T07:03:06+00:00,,Ugb54466fb1f56581fa30099861f34ee7b,,demo0000004,"{""text"": ""Back with the blue-door study result for wide street frame: the crossing is visible without a forced crop.""}"
UC_demo_aarav_frames,Ug4030e871a67c5095aa9aa3fbe4e8e890,2026-01-09T07:04:43+00:00,,Ug7e57b21f43bd54fab0fc5935f71fb945,,demo0000004,"{""text"": ""The adjacent frames now sits alongside my wide street frame notes for the blue-door study. 📌""}"
UC_demo_aarav_frames,Ug38d47ba3afa9550cb9595d924a43467c,2026-09-22T16:50:30+00:00,,,,demo0000004,"{""text"": ""I got stuck on window-light study while looking at the campus gate set; the highlight competes with the face.""}"
UC_demo_aarav_frames,Ug7fe45c79baa455eea70d3b7ddbe0067f,2026-09-22T16:52:07+00:00,,Ug38d47ba3afa9550cb9595d924a43467c,,demo0000004,"{""text"": ""I went back to window-light study in the campus gate set to compare the quieter frame from the same set.""}"
UC_demo_aarav_frames,Ug3c364af21c9f576fa918228c21d23131,2026-09-22T16:53:44+00:00,,Ug7fe45c79baa455eea70d3b7ddbe0067f,,demo0000004,"{""text"": ""That helped with window-light study from the campus gate set: the expression is easier to see.""}"
UC_demo_aarav_frames,Ugc88da4ec572a53e2995b38ca5ff63056,2026-09-22T16:55:21+00:00,,Ug3c364af21c9f576fa918228c21d23131,,demo0000004,"{""text"": ""Keeping the unedited selection with window-light study from the campus gate set for future comparison. ✨""}"
UC_demo_aarav_frames,Ug32e43b7cef92523cb20e653ad2cd3587,2025-02-23T12:32:42+00:00,,,,demo0000005,"{""text"": ""Quick check on bus-stop frame in the wide-street study: the sign cuts across the umbrella.""}"
UC_demo_aarav_frames,Ug56940c9d8c7356a9bf1156ced182a30e,2025-02-23T12:34:19+00:00,,Ug32e43b7cef92523cb20e653ad2cd3587,,demo0000005,"{""text"": ""The change I tried in the wide-street study was to compare the version made a little farther left for bus-stop frame.""}"
UC_demo_aarav_frames,Ug0ba0fbe51697539bb9fa805d0c483d08,2025-02-23T12:35:56+00:00,,Ug56940c9d8c7356a9bf1156ced182a30e,,demo0000005,"{""text"": ""The difference in the wide-street study is visible now; for bus-stop frame, the umbrella has breathing room.""}"
UC_demo_aarav_frames,Ug514234bc29a25f6da6049826d8c96945,2025-02-23T12:37:33+00:00,,Ug0ba0fbe51697539bb9fa805d0c483d08,,demo0000005,"{""text"": ""The two-frame comparison now sits alongside my bus-stop frame notes for the wide-street study.""}"
UC_demo_aarav_frames,Ug347d293214325febb90cb3da173c3306,2025-05-22T15:17:20+00:00,,,,demo0000005,"{""text"": ""Revisited archive folder for the contact-sheet review, and I cannot tell edited files from originals.""}"
UC_demo_aarav_frames,Ug13edd7f4b484552289dc30ff05dfc8ae,2025-05-22T15:18:57+00:00,,Ug347d293214325febb90cb3da173c3306,,demo0000005,"{""text"": ""For archive folder in the contact-sheet review, my experiment was to use separate original and export folders.""}"
UC_demo_aarav_frames,Uga28aef38603b56c0ad567c12ddb99547,2025-05-22T15:20:34+00:00,,Ug13edd7f4b484552289dc30ff05dfc8ae,,demo0000005,"{""text"": ""The revised archive folder for the contact-sheet review makes more sense — the untouched files are easy to locate.""}"
UC_demo_aarav_frames,Uge61edd8bf7875c43bf9060dad7ea9437,2025-05-22T15:22:11+00:00,,Uga28aef38603b56c0ad567c12ddb99547,,demo0000005,"{""text"": ""The folder diagram now sits alongside my archive folder notes for the contact-sheet review.""}"
UC_demo_aarav_frames,Ugff051a29f87f5d339f2e70bff590e05e,2025-10-28T16:15:03+00:00,,,,demo0000005,"{""text"": ""Revisited contact sheet for the rain-window set, and the bright corner pulls my eye away.""}"
UC_demo_aarav_frames,Ug75c105c35f8c5a329159e77e0f50b24d,2025-10-28T16:16:40+00:00,,Ugff051a29f87f5d339f2e70bff590e05e,,demo0000005,"{""text"": ""I went back to contact sheet in the rain-window set to compare a crop that leaves less of that corner.""}"
UC_demo_aarav_frames,Uge0c9c9d250a65773b773c0caea4ee29a,2025-10-28T16:18:17+00:00,,Ug75c105c35f8c5a329159e77e0f50b24d,,demo0000005,"{""text"": ""Just compared contact sheet again in the rain-window set; the main shape is easier to notice.""}"
UC_demo_aarav_frames,Ug24315107d2cd59ac99fddbb40656dc61,2025-10-28T16:19:54+00:00,,Uge0c9c9d250a65773b773c0caea4ee29a,,demo0000005,"{""text"": ""I saved the uncropped original from the contact sheet experiment in the rain-window set.""}"
UC_demo_aarav_frames,Uge13adacd36b053b7bed5a780742c0ef2,2024-06-03T16:40:29+00:00,,,,demo0000006,"{""text"": ""Sorry, saw this late; on night photograph from the tea-stall series, the colour cast feels inconsistent.""}"
UC_demo_aarav_frames,Uga267a53ea6a55aa487d382238bdb504e,2024-06-03T16:42:06+00:00,,Uge13adacd36b053b7bed5a780742c0ef2,,demo0000006,"{""text"": ""For night photograph in the tea-stall series, my experiment was to compare the neutral version beside the warm one.""}"
UC_demo_aarav_frames,Ug5cadef14ba855eeea2079a665c255126,2024-06-03T16:43:43+00:00,,Uga267a53ea6a55aa487d382238bdb504e,,demo0000006,"{""text"": ""Reopening night photograph from the tea-stall series confirms it: the chosen colour matches the rest of the set.""}"
UC_demo_aarav_frames,Ug2b7825152c3d581d9e254d1e235486e7,2024-06-03T16:45:20+00:00,,Ug5cadef14ba855eeea2079a665c255126,,demo0000006,"{""text"": ""Keeping the comparison export with night photograph from the tea-stall series for future comparison.""}"
UC_demo_aarav_frames,Ug00f2192657b55f688c87aa3688d4c6e5,2024-08-29T08:16:27+00:00,,,,demo0000006,"{""text"": ""Something odd in the quiet-corner series: print preview has a snag — the margin makes the image feel cramped.""}"
UC_demo_aarav_frames,Ug8d7b68488ae3583cb9a26424bd6caac8,2024-08-29T08:18:04+00:00,,Ug00f2192657b55f688c87aa3688d4c6e5,,demo0000006,"{""text"": ""I went back to print preview in the quiet-corner series to give the narrow side a little more space.""}"
UC_demo_aarav_frames,Ug2f4f69c9babd5fa1ac335e69051d715f,2024-08-29T08:19:41+00:00,,Ug8d7b68488ae3583cb9a26424bd6caac8,,demo0000006,"{""text"": ""Okay, with the change to print preview in the quiet-corner series, the border feels balanced at preview size.""}"
UC_demo_aarav_frames,Ug932d573852285e18b11ee0113bdad818,2024-08-29T08:21:18+00:00,,Ug2f4f69c9babd5fa1ac335e69051d715f,,demo0000006,"{""text"": ""The margin sketch now sits alongside my print preview notes for the quiet-corner series. 😅""}"
UC_demo_aarav_frames,Ugd7441361a64256149d19314019f81a24,2025-04-25T12:02:51+00:00,,,,demo0000006,"{""text"": ""Can you look at rain reflection for the quiet-corner series? the inverted shapes look busier than expected.""}"
UC_demo_aarav_frames,Ug72c209778c3058c8bf9655601e9a2f06,2025-04-25T12:04:28+00:00,,Ugd7441361a64256149d19314019f81a24,,demo0000006,"{""text"": ""Testing one change to rain reflection from the quiet-corner series: turn the preview around before judging the crop.""}"
UC_demo_aarav_frames,Ug85a18654c9b65449a1a03e6892d3b615,2025-04-25T12:06:05+00:00,,Ug72c209778c3058c8bf9655601e9a2f06,,demo0000006,"{""text"": ""Okay, with the change to rain reflection in the quiet-corner series, the reflection reads as a simpler shape.""}"
UC_demo_aarav_frames,Ug40d7ff553eb55031bf90d50d9b6ed51f,2025-04-25T12:07:42+00:00,,Ug85a18654c9b65449a1a03e6892d3b615,,demo0000006,"{""text"": ""Keeping the alternate orientation with rain reflection from the quiet-corner series for future comparison. 🤔""}"
UC_demo_aarav_frames,Ug6d0c2ecbc8375282880bec200f81399b,2026-05-29T13:39:37+00:00,,,,demo0000006,"{""text"": ""Would you have a minute for contact sheet in the steps-and-shadows set, where the bright corner pulls my eye away?""}"
UC_demo_aarav_frames,Ugcb621963c0f55df3acf1dc2218ab0cbc,2026-05-29T13:41:14+00:00,,Ug6d0c2ecbc8375282880bec200f81399b,,demo0000006,"{""text"": ""Testing one change to contact sheet from the steps-and-shadows set: compare a crop that leaves less of that corner.""}"
UC_demo_aarav_frames,Ug03b52106d5405640b7dee1abf01bb300,2026-05-29T13:42:51+00:00,,Ugcb621963c0f55df3acf1dc2218ab0cbc,,demo0000006,"{""text"": ""Reopening contact sheet from the steps-and-shadows set confirms it: the main shape is easier to notice.""}"
UC_demo_aarav_frames,Ug4b94484f833b5bd6ba1f5cacf30a5cfe,2026-05-29T13:44:28+00:00,,Ug03b52106d5405640b7dee1abf01bb300,,demo0000006,"{""text"": ""I saved the uncropped original from the contact sheet experiment in the steps-and-shadows set.""}"
UC_demo_aarav_frames,Ugbcbdfc2d747052efae7b4569ce1ba0a9,2024-07-03T15:18:28+00:00,,,,demo0000007,"{""text"": ""Revisited caption draft for the puddle-reflection set, and the wording claims more than the frame shows.""}"
UC_demo_aarav_frames,Ug7f717e2b017b57d0ab83d1835094f0db,2024-07-03T15:20:05+00:00,,Ugbcbdfc2d747052efae7b4569ce1ba0a9,,demo0000007,"{""text"": ""Testing one change to caption draft from the puddle-reflection set: describe what was visible without guessing the person’s story.""}"
UC_demo_aarav_frames,Ug06774927dc875952b9889469ac67b7e3,2024-07-03T15:21:42+00:00,,Ug7f717e2b017b57d0ab83d1835094f0db,,demo0000007,"{""text"": ""The difference in the puddle-reflection set is visible now; for caption draft, the caption stays close to the photograph.""}"
UC_demo_aarav_frames,Ug186a851818115ec383d2ef119863ef5c,2024-07-03T15:23:19+00:00,,Ug06774927dc875952b9889469ac67b7e3,,demo0000007,"{""text"": ""My useful takeaway from the puddle-reflection set: keep the caption revision beside caption draft.""}"
UC_demo_aarav_frames,Ug00f6a50f8ac75d21a52d5fca637c26e8,2025-05-24T13:00:46+00:00,,,,demo0000007,"{""text"": ""Back at the puddle-reflection set, trying to understand why, in rain reflection, the inverted shapes look busier than expected.""}"
UC_demo_aarav_frames,Uga846fe5b74a4595590685437f138d7c7,2025-05-24T13:02:23+00:00,,Ug00f6a50f8ac75d21a52d5fca637c26e8,,demo0000007,"{""text"": ""Testing one change to rain reflection from the puddle-reflection set: turn the preview around before judging the crop.""}"
UC_demo_aarav_frames,Ug58205a7fa63f5bbdb4ee139b2492012a,2025-05-24T13:04:00+00:00,,Uga846fe5b74a4595590685437f138d7c7,,demo0000007,"{""text"": ""I see what you meant about rain reflection in the puddle-reflection set — the reflection reads as a simpler shape.""}"
UC_demo_aarav_frames,Ugf8949ea0228a595aa0ed315dcb7376b8,2025-05-24T13:05:37+00:00,,Ug58205a7fa63f5bbdb4ee139b2492012a,,demo0000007,"{""text"": ""I saved the alternate orientation from the rain reflection experiment in the puddle-reflection set.""}"
UC_demo_aarav_frames,Ugfc2bfca7e7445729adc4c571d83d858f,2026-07-06T17:06:12+00:00,,,,demo0000007,"{""text"": ""Back at the blue-door study, trying to understand why, in contact sheet, the bright corner pulls my eye away.""}"
UC_demo_aarav_frames,Ug5fe47e66cdad5843b73d16e8668838ba,2026-07-06T17:07:49+00:00,,Ugfc2bfca7e7445729adc4c571d83d858f,,demo0000007,"{""text"": ""Testing one change to contact sheet from the blue-door study: compare a crop that leaves less of that corner.""}"
UC_demo_aarav_frames,Ug4e077fc9136454ed81417d70ed43123f,2026-07-06T17:09:26+00:00,,Ug5fe47e66cdad5843b73d16e8668838ba,,demo0000007,"{""text"": ""Just compared contact sheet again in the blue-door study; the main shape is easier to notice.""}"
UC_demo_aarav_frames,Uge037cfccca0956f093ac7c532a45ae0c,2026-07-06T17:11:03+00:00,,Ug4e077fc9136454ed81417d70ed43123f,,demo0000007,"{""text"": ""I saved the uncropped original from the contact sheet experiment in the blue-door study.""}"
UC_demo_aarav_frames,Ug87e739b052775be0a02d07fe4e320d97,2026-02-12T19:31:38+00:00,,,,demo0000008,"{""text"": ""Sending window-light study from the quiet-corner series over because the highlight competes with the face. 👍""}"
UC_demo_aarav_frames,Ugf16cbf716b41591eb1ae232fbc923c85,2026-02-12T19:33:15+00:00,,Ug87e739b052775be0a02d07fe4e320d97,,demo0000008,"{""text"": ""For window-light study in the quiet-corner series, my experiment was to compare the quieter frame from the same set.""}"
UC_demo_aarav_frames,Ug0fdba66a106c5846b87d514bfeee8eeb,2026-02-12T19:34:52+00:00,,Ugf16cbf716b41591eb1ae232fbc923c85,,demo0000008,"{""text"": ""The revised window-light study for the quiet-corner series makes more sense — the expression is easier to see.""}"
UC_demo_aarav_frames,Ugf4a4253ce9415a4aa270bafdb4776360,2026-02-12T19:36:29+00:00,,Ug0fdba66a106c5846b87d514bfeee8eeb,,demo0000008,"{""text"": ""Keeping the unedited selection with window-light study from the quiet-corner series for future comparison.""}"
UC_demo_aarav_frames,Ug10bfd2f5ff345ca6a7b073b1929340e1,2026-07-06T10:46:34+00:00,,,,demo0000008,"{""text"": ""Something odd in the contact-sheet review: wide street frame has a snag — the foreground obscures the crossing.""}"
UC_demo_aarav_frames,Ug564ca8635eb1531f968dac6ecde8b765,2026-07-06T10:48:11+00:00,,Ug10bfd2f5ff345ca6a7b073b1929340e1,,demo0000008,"{""text"": ""The change I tried in the contact-sheet review was to look at the frame just before the foreground entered for wide street frame.""}"
UC_demo_aarav_frames,Ug8684ab7c896b5a7caf63cb74ea61a759,2026-07-06T10:49:48+00:00,,Ug564ca8635eb1531f968dac6ecde8b765,,demo0000008,"{""text"": ""Back with the contact-sheet review result for wide street frame: the crossing is visible without a forced crop.""}"
UC_demo_aarav_frames,Ugb47a792a3da25db2a1bf56fc389b31df,2026-07-06T10:51:25+00:00,,Ug8684ab7c896b5a7caf63cb74ea61a759,,demo0000008,"{""text"": ""The adjacent frames now sits alongside my wide street frame notes for the contact-sheet review.""}"
UC_demo_aarav_frames,Uge7dd7dfc05da52d48b0625583fd64059,2024-02-18T10:46:52+00:00,,,,demo0000009,"{""text"": ""The bit I cannot settle in the KR Market set is wide street frame: the foreground obscures the crossing.""}"
UC_demo_aarav_frames,Ugc01ff0de27bf598eac4b7ce105307f70,2024-02-18T10:48:29+00:00,,Uge7dd7dfc05da52d48b0625583fd64059,,demo0000009,"{""text"": ""I went back to wide street frame in the KR Market set to look at the frame just before the foreground entered.""}"
UC_demo_aarav_frames,Ug419afb349ba8586485262e6f58a94962,2024-02-18T10:50:06+00:00,,Ugc01ff0de27bf598eac4b7ce105307f70,,demo0000009,"{""text"": ""Back with the KR Market set result for wide street frame: the crossing is visible without a forced crop.""}"
UC_demo_aarav_frames,Ugb7ace2cab86557b2ab3969e62a8dd67d,2024-02-18T10:51:43+00:00,,Ug419afb349ba8586485262e6f58a94962,,demo0000009,"{""text"": ""Keeping the adjacent frames with wide street frame from the KR Market set for future comparison.""}"
UC_demo_aarav_frames,Ug7dcd95b18095503a97e0424f970d4f6c,2026-08-30T18:11:52+00:00,,,,demo0000009,"{""text"": ""Can you look at caption draft for the blue-door study? the wording claims more than the frame shows. 👀""}"
UC_demo_aarav_frames,Ug14d9b7df01375412af8a2dc7d0c8832c,2026-08-30T18:13:29+00:00,,Ug7dcd95b18095503a97e0424f970d4f6c,,demo0000009,"{""text"": ""For caption draft in the blue-door study, my experiment was to describe what was visible without guessing the person’s story.""}"
UC_demo_aarav_frames,Ug1f16dd1a09b050fc989cf1bf1f25cbea,2026-08-30T18:15:06+00:00,,Ug14d9b7df01375412af8a2dc7d0c8832c,,demo0000009,"{""text"": ""Reopening caption draft from the blue-door study confirms it: the caption stays close to the photograph.""}"
UC_demo_aarav_frames,Ug070e683480b15e8a8ed6223f9c8e6b95,2026-08-30T18:16:43+00:00,,Ug1f16dd1a09b050fc989cf1bf1f25cbea,,demo0000009,"{""text"": ""I saved the caption revision from the caption draft experiment in the blue-door study.""}"
UC_demo_aarav_frames,Ugd24acdcd1ff35fbb949de4000204ac88,2024-02-09T18:39:18+00:00,,,,demo0000010,"{""text"": ""Back at the steps-and-shadows set, trying to understand why, in shadow pair, the second image repeats the first idea. 🫠""}"
UC_demo_aarav_frames,Ug0abed86503e251c7854951fa5d46d89e,2024-02-09T18:40:55+00:00,,Ugd24acdcd1ff35fbb949de4000204ac88,,demo0000010,"{""text"": ""I went back to shadow pair in the steps-and-shadows set to put the wider scene between the close details.""}"
UC_demo_aarav_frames,Ug8479daa115ac5c74bcf0c35d152b4074,2024-02-09T18:42:32+00:00,,Ug0abed86503e251c7854951fa5d46d89e,,demo0000010,"{""text"": ""The difference in the steps-and-shadows set is visible now; for shadow pair, the two details have different roles.""}"
UC_demo_aarav_frames,Ugd02666e2ae1657778869759af45d5785,2024-02-09T18:44:09+00:00,,Ug8479daa115ac5c74bcf0c35d152b4074,,demo0000010,"{""text"": ""Keeping the sequence draft with shadow pair from the steps-and-shadows set for future comparison.""}"
UC_demo_aarav_frames,Ug31c0d23e21965010aff5f3c0148b7f5a,2024-02-14T16:38:20+00:00,,,,demo0000010,"{""text"": ""Sorry, saw this late; on caption draft from the blue-door study, the wording claims more than the frame shows.""}"
UC_demo_aarav_frames,Ug12986fbd095e5541b625bbd749121c78,2024-02-14T16:39:57+00:00,,Ug31c0d23e21965010aff5f3c0148b7f5a,,demo0000010,"{""text"": ""Testing one change to caption draft from the blue-door study: describe what was visible without guessing the person’s story.""}"
UC_demo_aarav_frames,Ug5d0e82c182dd5063a6161b9431afa67f,2024-02-14T16:41:34+00:00,,Ug12986fbd095e5541b625bbd749121c78,,demo0000010,"{""text"": ""I see what you meant about caption draft in the blue-door study — the caption stays close to the photograph.""}"
UC_demo_aarav_frames,Ug7cc055c0837d56a795fa44106f4704d1,2024-02-14T16:43:11+00:00,,Ug5d0e82c182dd5063a6161b9431afa67f,,demo0000010,"{""text"": ""My useful takeaway from the blue-door study: keep the caption revision beside caption draft. 👍""}"
UC_demo_aarav_frames,Ug904ebb677c84533aab64a0f1e3d1c768,2024-06-24T15:17:01+00:00,,,,demo0000010,"{""text"": ""The bit I cannot settle in the wide-street study is shadow pair: the second image repeats the first idea.""}"
UC_demo_aarav_frames,Ug0052778deed456a5a3eb7fc5bd14e5db,2024-06-24T15:18:38+00:00,,Ug904ebb677c84533aab64a0f1e3d1c768,,demo0000010,"{""text"": ""For shadow pair in the wide-street study, my experiment was to put the wider scene between the close details.""}"
UC_demo_aarav_frames,Ug731aa1382dd5574c8fb2f781703a89b3,2024-06-24T15:20:15+00:00,,Ug0052778deed456a5a3eb7fc5bd14e5db,,demo0000010,"{""text"": ""Reopening shadow pair from the wide-street study confirms it: the two details have different roles.""}"
UC_demo_aarav_frames,Ug54c94fa67feb59a892d8d34943ea2634,2024-06-24T15:21:52+00:00,,Ug731aa1382dd5574c8fb2f781703a89b3,,demo0000010,"{""text"": ""The sequence draft now sits alongside my shadow pair notes for the wide-street study.""}"
UC_demo_aarav_frames,Ugc77e6c4f06905f32bc530c1ef5f8450a,2024-03-27T19:33:06+00:00,,,,demo0000011,"{""text"": ""Tiny question about the evening-light folder — with window-light study, the highlight competes with the face.""}"
UC_demo_aarav_frames,Ugeed945ec7f9656ceafdbf5aece423760,2024-03-27T19:34:43+00:00,,Ugc77e6c4f06905f32bc530c1ef5f8450a,,demo0000011,"{""text"": ""For window-light study in the evening-light folder, my experiment was to compare the quieter frame from the same set.""}"
UC_demo_aarav_frames,Ugaf668458d8f2520393d85874e8196615,2024-03-27T19:36:20+00:00,,Ugeed945ec7f9656ceafdbf5aece423760,,demo0000011,"{""text"": ""Saving the revised window-light study from the evening-light folder, since the expression is easier to see.""}"
UC_demo_aarav_frames,Uga18fc170f5345558bdbc81da68dc100b,2024-03-27T19:37:57+00:00,,Ugaf668458d8f2520393d85874e8196615,,demo0000011,"{""text"": ""My useful takeaway from the evening-light folder: keep the unedited selection beside window-light study.""}"
UC_demo_aarav_frames,Ugf2505834f99855519a6fee20dde27088,2025-01-24T11:08:42+00:00,,,,demo0000011,"{""text"": ""Back at the blue-door study, trying to understand why, in market sequence, three near-identical frames slow it down.""}"
UC_demo_aarav_frames,Ug11dc4f0a5da4500693b97c689cbc416a,2025-01-24T11:10:19+00:00,,Ugf2505834f99855519a6fee20dde27088,,demo0000011,"{""text"": ""Testing one change to market sequence from the blue-door study: keep the frame with the clearest gesture.""}"
UC_demo_aarav_frames,Ugcdad60ab26cf58fea5b7f7149498b618,2025-01-24T11:11:56+00:00,,Ug11dc4f0a5da4500693b97c689cbc416a,,demo0000011,"{""text"": ""Update on market sequence in the blue-door study: the sequence moves without that repetition.""}"
UC_demo_aarav_frames,Ug6b5619afbb5c5d758160b5675e10923e,2025-01-24T11:13:33+00:00,,Ugcdad60ab26cf58fea5b7f7149498b618,,demo0000011,"{""text"": ""The rejected-frame folder now sits alongside my market sequence notes for the blue-door study.""}"
UC_demo_aarav_frames,Ug5fccfba870b0533180bc5323032a1936,2026-07-26T17:11:43+00:00,,,,demo0000011,"{""text"": ""Nearly done with window-light study for the quiet-corner series, except the highlight competes with the face.""}"
UC_demo_aarav_frames,Ugb59f6c6cc4c65c27b6fcee90c15f2772,2026-07-26T17:13:20+00:00,,Ug5fccfba870b0533180bc5323032a1936,,demo0000011,"{""text"": ""For window-light study in the quiet-corner series, my experiment was to compare the quieter frame from the same set.""}"
UC_demo_aarav_frames,Ugf725c633a31d517b9452eb5c0ab9e462,2026-07-26T17:14:57+00:00,,Ugb59f6c6cc4c65c27b6fcee90c15f2772,,demo0000011,"{""text"": ""I see what you meant about window-light study in the quiet-corner series — the expression is easier to see.""}"
UC_demo_aarav_frames,Ug148404cb947a564bba7135e59e8ec388,2026-07-26T17:16:34+00:00,,Ugf725c633a31d517b9452eb5c0ab9e462,,demo0000011,"{""text"": ""The unedited selection now sits alongside my window-light study notes for the quiet-corner series.""}"
UC_demo_aarav_frames,Ugdb9fe9350e825d6a89c24a1adf7c8837,2025-04-09T16:16:51+00:00,,,,demo0000012,"{""text"": ""Nearly done with print preview for the puddle-reflection set, except the margin makes the image feel cramped.""}"
UC_demo_aarav_frames,Ug9754f26bb1575e32ad682dc19bd66320,2025-04-09T16:18:28+00:00,,Ugdb9fe9350e825d6a89c24a1adf7c8837,,demo0000012,"{""text"": ""For print preview in the puddle-reflection set, my experiment was to give the narrow side a little more space. 🙌""}"
UC_demo_aarav_frames,Ug8919d181503055ccabe66607d9bce645,2025-04-09T16:20:05+00:00,,Ug9754f26bb1575e32ad682dc19bd66320,,demo0000012,"{""text"": ""Just compared print preview again in the puddle-reflection set; the border feels balanced at preview size.""}"
UC_demo_aarav_frames,Ug8e5a1d0370515e3fb8bdb7f0d547aaa4,2025-04-09T16:21:42+00:00,,Ug8919d181503055ccabe66607d9bce645,,demo0000012,"{""text"": ""I saved the margin sketch from the print preview experiment in the puddle-reflection set.""}"
UC_demo_aarav_frames,Uge4b9444ce6735e09a28b2f2b03ee40e6,2025-05-25T20:15:29+00:00,,,,demo0000012,"{""text"": ""Tiny question about the tea-stall series — with shadow pair, the second image repeats the first idea.""}"
UC_demo_aarav_frames,Ug2353ad24061f5b64aa7c95842278f101,2025-05-25T20:17:06+00:00,,Uge4b9444ce6735e09a28b2f2b03ee40e6,,demo0000012,"{""text"": ""The change I tried in the tea-stall series was to put the wider scene between the close details for shadow pair.""}"
UC_demo_aarav_frames,Ug8f537df15d0c54ffa841e806495af6c1,2025-05-25T20:18:43+00:00,,Ug2353ad24061f5b64aa7c95842278f101,,demo0000012,"{""text"": ""The revised shadow pair for the tea-stall series makes more sense — the two details have different roles.""}"
UC_demo_aarav_frames,Ug705225d2ca595952b6762302c1dfbdc4,2025-05-25T20:20:20+00:00,,Ug8f537df15d0c54ffa841e806495af6c1,,demo0000012,"{""text"": ""My useful takeaway from the tea-stall series: keep the sequence draft beside shadow pair. 🫠""}"
UC_demo_aarav_frames,Uga42eea1cbc2759ceb4ee34bb88c159cb,2025-10-25T18:03:59+00:00,,,,demo0000012,"{""text"": ""Tiny question about the contact-sheet review — with rain reflection, the inverted shapes look busier than expected.""}"
UC_demo_aarav_frames,Ug4a33cf8f372750d3a88a03b97e538a5d,2025-10-25T18:05:36+00:00,,Uga42eea1cbc2759ceb4ee34bb88c159cb,,demo0000012,"{""text"": ""Testing one change to rain reflection from the contact-sheet review: turn the preview around before judging the crop.""}"
UC_demo_aarav_frames,Ug8028d1a4360b53e2a20f519871bcf791,2025-10-25T18:07:13+00:00,,Ug4a33cf8f372750d3a88a03b97e538a5d,,demo0000012,"{""text"": ""Tried that for rain reflection in the contact-sheet review, and the reflection reads as a simpler shape.""}"
UC_demo_aarav_frames,Ug5739db8c4452512397f0e7bab823a340,2025-10-25T18:08:50+00:00,,Ug8028d1a4360b53e2a20f519871bcf791,,demo0000012,"{""text"": ""Keeping the alternate orientation with rain reflection from the contact-sheet review for future comparison.""}"
UC_demo_aarav_frames,Ugb0a8653cd817591b821a532a4989167d,2026-04-06T19:36:20+00:00,,,,demo0000012,"{""text"": ""Quick check on night photograph in the tea-stall series: the colour cast feels inconsistent.""}"
UC_demo_aarav_frames,Ug58ebfcb84be7525fa7c8f09dc37c8967,2026-04-06T19:37:57+00:00,,Ugb0a8653cd817591b821a532a4989167d,,demo0000012,"{""text"": ""For night photograph in the tea-stall series, my experiment was to compare the neutral version beside the warm one.""}"
UC_demo_aarav_frames,Ug170b8bd6e31256eb8a54684fc436b48d,2026-04-06T19:39:34+00:00,,Ug58ebfcb84be7525fa7c8f09dc37c8967,,demo0000012,"{""text"": ""That helped with night photograph from the tea-stall series: the chosen colour matches the rest of the set.""}"
UC_demo_aarav_frames,Ugbf8bc524956a5f5e9674cec8b9f237fa,2026-04-06T19:41:11+00:00,,Ug170b8bd6e31256eb8a54684fc436b48d,,demo0000012,"{""text"": ""I saved the comparison export from the night photograph experiment in the tea-stall series.""}"
UC_demo_aarav_frames,Ug03b2ad37a1a65bf1a5d8c6ec0967f43a,2024-04-08T15:51:23+00:00,,,,demo0000013,"{""text"": ""Back at the puddle-reflection set, trying to understand why, in archive folder, I cannot tell edited files from originals. 🤔""}"
UC_demo_aarav_frames,Ug7b85e395bbb25559a0c8e86b9cbe918d,2024-04-08T15:53:00+00:00,,Ug03b2ad37a1a65bf1a5d8c6ec0967f43a,,demo0000013,"{""text"": ""The change I tried in the puddle-reflection set was to use separate original and export folders for archive folder.""}"
UC_demo_aarav_frames,Ugaf3aaf3371f95704ac6914ab7cd4aa9e,2024-04-08T15:54:37+00:00,,Ug7b85e395bbb25559a0c8e86b9cbe918d,,demo0000013,"{""text"": ""I see what you meant about archive folder in the puddle-reflection set — the untouched files are easy to locate.""}"
UC_demo_aarav_frames,Ugf402f43f58435419a5f60c41d3e6cf20,2024-04-08T15:56:14+00:00,,Ugaf3aaf3371f95704ac6914ab7cd4aa9e,,demo0000013,"{""text"": ""I saved the folder diagram from the archive folder experiment in the puddle-reflection set.""}"
UC_demo_aarav_frames,Ug8ce5d784fb1a5ee8b53983918faf1f8e,2024-04-17T19:47:31+00:00,,,,demo0000013,"{""text"": ""Can you look at print preview for the contact-sheet review? the margin makes the image feel cramped.""}"
UC_demo_aarav_frames,Ug5100f4a74ac957888ded0874dd5035ae,2024-04-17T19:49:08+00:00,,Ug8ce5d784fb1a5ee8b53983918faf1f8e,,demo0000013,"{""text"": ""For print preview in the contact-sheet review, my experiment was to give the narrow side a little more space.""}"
UC_demo_aarav_frames,Uga90fd8c38a6d52ad9068864eaf1b1cdf,2024-04-17T19:50:45+00:00,,Ug5100f4a74ac957888ded0874dd5035ae,,demo0000013,"{""text"": ""The difference in the contact-sheet review is visible now; for print preview, the border feels balanced at preview size.""}"
UC_demo_aarav_frames,Ugc8006ac922b158dc8fd9b35bd443c4c8,2024-04-17T19:52:22+00:00,,Uga90fd8c38a6d52ad9068864eaf1b1cdf,,demo0000013,"{""text"": ""Keeping the margin sketch with print preview from the contact-sheet review for future comparison.""}"
UC_demo_aarav_frames,Uge0bbc848f2735a38b19437bc13552970,2024-06-28T11:31:02+00:00,,,,demo0000013,"{""text"": ""Sorry, saw this late; on Sunday shortlist from the rain-window set, the strongest image is buried near the end.""}"
UC_demo_aarav_frames,Ugb7e6e84130c05a45845439c868548168,2024-06-28T11:32:39+00:00,,Uge0bbc848f2735a38b19437bc13552970,,demo0000013,"{""text"": ""Testing one change to Sunday shortlist from the rain-window set: try opening with the quieter but clearer scene.""}"
UC_demo_aarav_frames,Ug7554bf6482b558a2a2ea0b48f089523e,2024-06-28T11:34:16+00:00,,Ugb7e6e84130c05a45845439c868548168,,demo0000013,"{""text"": ""Just compared Sunday shortlist again in the rain-window set; the opening gives the rest some context.""}"
UC_demo_aarav_frames,Ug2694b1ad7e8a59a5a928521addfd278b,2024-06-28T11:35:53+00:00,,Ug7554bf6482b558a2a2ea0b48f089523e,,demo0000013,"{""text"": ""My useful takeaway from the rain-window set: keep the previous ordering beside Sunday shortlist.""}"
UC_demo_aarav_frames,Ug77d807dcec2a572a8aacb330e17799e8,2024-09-09T16:42:22+00:00,,,,demo0000013,"{""text"": ""Sorry, saw this late; on bus-stop frame from the blue-door study, the sign cuts across the umbrella.""}"
UC_demo_aarav_frames,Ugb7e911a9642350e8b5df82ad255419f2,2024-09-09T16:43:59+00:00,,Ug77d807dcec2a572a8aacb330e17799e8,,demo0000013,"{""text"": ""Testing one change to bus-stop frame from the blue-door study: compare the version made a little farther left.""}"
UC_demo_aarav_frames,Ug0382628f367055b9828965eab649a8e9,2024-09-09T16:45:36+00:00,,Ugb7e911a9642350e8b5df82ad255419f2,,demo0000013,"{""text"": ""Reopening bus-stop frame from the blue-door study confirms it: the umbrella has breathing room.""}"
UC_demo_aarav_frames,Ug3374f4bf1441562eb7132097aef964a5,2024-09-09T16:47:13+00:00,,Ug0382628f367055b9828965eab649a8e9,,demo0000013,"{""text"": ""My useful takeaway from the blue-door study: keep the two-frame comparison beside bus-stop frame.""}"
UC_demo_aarav_frames,Ug7ab2b261e65e5ad1acc66ddafaaa9872,2025-04-18T18:04:00+00:00,,,,demo0000013,"{""text"": ""Something odd in the courtyard set: Sunday shortlist has a snag — the strongest image is buried near the end.""}"
UC_demo_aarav_frames,Ug618d8f39e4c75215bd2c42eeeeece3c8,2025-04-18T18:05:37+00:00,,Ug7ab2b261e65e5ad1acc66ddafaaa9872,,demo0000013,"{""text"": ""I went back to Sunday shortlist in the courtyard set to try opening with the quieter but clearer scene.""}"
UC_demo_aarav_frames,Ug34299cd5b8215da3b5e4ffbcbee94db2,2025-04-18T18:07:14+00:00,,Ug618d8f39e4c75215bd2c42eeeeece3c8,,demo0000013,"{""text"": ""Okay, with the change to Sunday shortlist in the courtyard set, the opening gives the rest some context.""}"
UC_demo_aarav_frames,Ug0ec2753f4ca65bb3ba5c210e8ef4263d,2025-04-18T18:08:51+00:00,,Ug34299cd5b8215da3b5e4ffbcbee94db2,,demo0000013,"{""text"": ""The previous ordering now sits alongside my Sunday shortlist notes for the courtyard set.""}"
UC_demo_aarav_frames,Uge87028c3355b51c6896f953546da96b7,2025-07-19T15:33:03+00:00,,,,demo0000013,"{""text"": ""Can you look at wide street frame for the bus shelter study? the foreground obscures the crossing. 😅""}"
UC_demo_aarav_frames,Ug28c93980be095135946933e04e53985c,2025-07-19T15:34:40+00:00,,Uge87028c3355b51c6896f953546da96b7,,demo0000013,"{""text"": ""For wide street frame in the bus shelter study, my experiment was to look at the frame just before the foreground entered.""}"
UC_demo_aarav_frames,Ug93b77ab6cb9c5bae9bf92218a153b5f3,2025-07-19T15:36:17+00:00,,Ug28c93980be095135946933e04e53985c,,demo0000013,"{""text"": ""The revised wide street frame for the bus shelter study makes more sense — the crossing is visible without a forced crop.""}"
UC_demo_aarav_frames,Ug3f8eb8b4bbcf5cd5af44c62c0aa98619,2025-07-19T15:37:54+00:00,,Ug93b77ab6cb9c5bae9bf92218a153b5f3,,demo0000013,"{""text"": ""Keeping the adjacent frames with wide street frame from the bus shelter study for future comparison.""}"
UC_demo_aarav_frames,Ug31b6b787f784549e82d48241a04d42de,2026-01-16T17:01:12+00:00,,,,demo0000013,"{""text"": ""Back at the shaded-lane study, trying to understand why, in Sunday shortlist, the strongest image is buried near the end.""}"
UC_demo_aarav_frames,Ugb603490749c355898e8edd8ad7650a6b,2026-01-16T17:02:49+00:00,,Ug31b6b787f784549e82d48241a04d42de,,demo0000013,"{""text"": ""For Sunday shortlist in the shaded-lane study, my experiment was to try opening with the quieter but clearer scene.""}"
UC_demo_aarav_frames,Ug02067164751c5a6c8d371ba1e84a24ee,2026-01-16T17:04:26+00:00,,Ugb603490749c355898e8edd8ad7650a6b,,demo0000013,"{""text"": ""That helped with Sunday shortlist from the shaded-lane study: the opening gives the rest some context.""}"
UC_demo_aarav_frames,Ug1e70df5e51b15f5daf7d8cddf7ef8004,2026-01-16T17:06:03+00:00,,Ug02067164751c5a6c8d371ba1e84a24ee,,demo0000013,"{""text"": ""My useful takeaway from the shaded-lane study: keep the previous ordering beside Sunday shortlist.""}"
UC_demo_aarav_frames,Ug0d81c84be94c5a66bdabb0d5691287a0,2026-04-24T14:51:02+00:00,,,,demo0000013,"{""text"": ""Sending Sunday shortlist from the evening-light folder over because the strongest image is buried near the end.""}"
UC_demo_aarav_frames,Ug30c5d78bbb8f52019e50c9f83a1f464a,2026-04-24T14:52:39+00:00,,Ug0d81c84be94c5a66bdabb0d5691287a0,,demo0000013,"{""text"": ""I went back to Sunday shortlist in the evening-light folder to try opening with the quieter but clearer scene.""}"
UC_demo_aarav_frames,Ug260052ef467453c0aeebc097df68e692,2026-04-24T14:54:16+00:00,,Ug30c5d78bbb8f52019e50c9f83a1f464a,,demo0000013,"{""text"": ""Back with the evening-light folder result for Sunday shortlist: the opening gives the rest some context.""}"
UC_demo_aarav_frames,Ug05d3d220dbfd51f793e3a0bba136a789,2026-04-24T14:55:53+00:00,,Ug260052ef467453c0aeebc097df68e692,,demo0000013,"{""text"": ""The previous ordering now sits alongside my Sunday shortlist notes for the evening-light folder. 👀""}"
UC_demo_aarav_frames,Ug24e454ce9ca658e698e12cc075d4c09e,2024-03-25T06:54:05+00:00,,,,demo0000014,"{""text"": ""Something odd in the quiet-corner series: bus-stop frame has a snag — the sign cuts across the umbrella.""}"
UC_demo_aarav_frames,Ug2de44e6a072f56f2b78aa93f9485426c,2024-03-25T06:55:42+00:00,,Ug24e454ce9ca658e698e12cc075d4c09e,,demo0000014,"{""text"": ""I went back to bus-stop frame in the quiet-corner series to compare the version made a little farther left.""}"
UC_demo_aarav_frames,Ug63817b6262a450ebafdd8c8ab9065a2e,2024-03-25T06:57:19+00:00,,Ug2de44e6a072f56f2b78aa93f9485426c,,demo0000014,"{""text"": ""Saving the revised bus-stop frame from the quiet-corner series, since the umbrella has breathing room.""}"
UC_demo_aarav_frames,Ugf708386188445a8b83358677a206690d,2024-03-25T06:58:56+00:00,,Ug63817b6262a450ebafdd8c8ab9065a2e,,demo0000014,"{""text"": ""The two-frame comparison now sits alongside my bus-stop frame notes for the quiet-corner series.""}"
UC_demo_aarav_frames,Ug22031c6eb8ff59a196a37fe7e7170b54,2024-12-17T13:07:07+00:00,,,,demo0000014,"{""text"": ""Can you look at shadow pair for the flower-stall set? the second image repeats the first idea.""}"
UC_demo_aarav_frames,Ug6c849c4a43225652bce0f9e44227f406,2024-12-17T13:08:44+00:00,,Ug22031c6eb8ff59a196a37fe7e7170b54,,demo0000014,"{""text"": ""The change I tried in the flower-stall set was to put the wider scene between the close details for shadow pair.""}"
UC_demo_aarav_frames,Ug47d42ed317fa5098ae21129d500806ab,2024-12-17T13:10:21+00:00,,Ug6c849c4a43225652bce0f9e44227f406,,demo0000014,"{""text"": ""Back with the flower-stall set result for shadow pair: the two details have different roles.""}"
UC_demo_aarav_frames,Ug8379d77a45285e0dafee3c60704f77ec,2024-12-17T13:11:58+00:00,,Ug47d42ed317fa5098ae21129d500806ab,,demo0000014,"{""text"": ""I saved the sequence draft from the shadow pair experiment in the flower-stall set.""}"
UC_demo_aarav_frames,Ug59c9abb8d52a59acbd10bb57f3a2b7f8,2025-07-12T16:01:25+00:00,,,,demo0000014,"{""text"": ""Revisited archive folder for the Sunday shortlist, and I cannot tell edited files from originals.""}"
UC_demo_aarav_frames,Ugbb8e16b3541a511e833e922478b7cc14,2025-07-12T16:03:02+00:00,,Ug59c9abb8d52a59acbd10bb57f3a2b7f8,,demo0000014,"{""text"": ""Testing one change to archive folder from the Sunday shortlist: use separate original and export folders.""}"
UC_demo_aarav_frames,Uga0aa4657d002596b8f542490dd103a47,2025-07-12T16:04:39+00:00,,Ugbb8e16b3541a511e833e922478b7cc14,,demo0000014,"{""text"": ""Back with the Sunday shortlist result for archive folder: the untouched files are easy to locate.""}"
UC_demo_aarav_frames,Ug8404fe72eb605f4192c575fd0a261dcf,2025-07-12T16:06:16+00:00,,Uga0aa4657d002596b8f542490dd103a47,,demo0000014,"{""text"": ""I saved the folder diagram from the archive folder experiment in the Sunday shortlist.""}"
UC_demo_aarav_frames,Ugfe56a646456a5d148d9fd86e43a8cdd0,2026-09-18T13:04:12+00:00,,,,demo0000014,"{""text"": ""Nearly done with archive folder for the contact-sheet review, except I cannot tell edited files from originals.""}"
UC_demo_aarav_frames,Ug7c564ce53e805d20bda4f12b9b9fd7cf,2026-09-18T13:05:49+00:00,,Ugfe56a646456a5d148d9fd86e43a8cdd0,,demo0000014,"{""text"": ""For archive folder in the contact-sheet review, my experiment was to use separate original and export folders.""}"
UC_demo_aarav_frames,Ug282b0d839c055b788e00368091116c33,2026-09-18T13:07:26+00:00,,Ug7c564ce53e805d20bda4f12b9b9fd7cf,,demo0000014,"{""text"": ""Okay, with the change to archive folder in the contact-sheet review, the untouched files are easy to locate.""}"
UC_demo_aarav_frames,Ugc558017515c554b3aa0b09813ce36bb5,2026-09-18T13:09:03+00:00,,Ug282b0d839c055b788e00368091116c33,,demo0000014,"{""text"": ""My useful takeaway from the contact-sheet review: keep the folder diagram beside archive folder.""}"
UC_demo_aarav_frames,Ug253d86e274e65da2831ee529677d0c99,2024-12-18T15:41:52+00:00,,,,demo0000015,"{""text"": ""The bit I cannot settle in the poster-wall study is caption draft: the wording claims more than the frame shows. 😂""}"
UC_demo_aarav_frames,Ug3bed8f474355534d97dea090fbb09506,2024-12-18T15:43:29+00:00,,Ug253d86e274e65da2831ee529677d0c99,,demo0000015,"{""text"": ""I went back to caption draft in the poster-wall study to describe what was visible without guessing the person’s story.""}"
UC_demo_aarav_frames,Ugf23b79561d8b546492d12268ec14e329,2024-12-18T15:45:06+00:00,,Ug3bed8f474355534d97dea090fbb09506,,demo0000015,"{""text"": ""Finished checking caption draft in the poster-wall study and, yes, the caption stays close to the photograph.""}"
UC_demo_aarav_frames,Ugf26726e5131c58da8ba39f7fc69c5915,2024-12-18T15:46:43+00:00,,Ugf23b79561d8b546492d12268ec14e329,,demo0000015,"{""text"": ""Keeping the caption revision with caption draft from the poster-wall study for future comparison.""}"
UC_demo_aarav_frames,Ug49e25ea11ea75f1a8ce39dc76b84d151,2025-02-01T03:15:20+00:00,,,,demo0000015,"{""text"": ""I got stuck on night photograph while looking at the wide-street study; the colour cast feels inconsistent.""}"
UC_demo_aarav_frames,Ugc4a5cd3abf615bbe9c8bdeb0d2a7241b,2025-02-01T03:16:57+00:00,,Ug49e25ea11ea75f1a8ce39dc76b84d151,,demo0000015,"{""text"": ""I went back to night photograph in the wide-street study to compare the neutral version beside the warm one.""}"
UC_demo_aarav_frames,Ugdbaf76e72f02529081a8f9d9475cc7af,2025-02-01T03:18:34+00:00,,Ugc4a5cd3abf615bbe9c8bdeb0d2a7241b,,demo0000015,"{""text"": ""The revised night photograph for the wide-street study makes more sense — the chosen colour matches the rest of the set.""}"
UC_demo_aarav_frames,Ug751a0b04af1b59f8941a4fd6d78c954f,2025-02-01T03:20:11+00:00,,Ugdbaf76e72f02529081a8f9d9475cc7af,,demo0000015,"{""text"": ""I saved the comparison export from the night photograph experiment in the wide-street study.""}"
UC_demo_aarav_frames,Ugc5b5966ce45a546cb84493612b6651c8,2026-05-06T14:18:34+00:00,,,,demo0000015,"{""text"": ""Would you have a minute for Sunday shortlist in the blue-door study, where the strongest image is buried near the end?""}"
UC_demo_aarav_frames,Ugd589afb6e18453629af75497a81bcf18,2026-05-06T14:20:11+00:00,,Ugc5b5966ce45a546cb84493612b6651c8,,demo0000015,"{""text"": ""For Sunday shortlist in the blue-door study, my experiment was to try opening with the quieter but clearer scene.""}"
UC_demo_aarav_frames,Ug4d72a3a70a06599188b4370821193d44,2026-05-06T14:21:48+00:00,,Ugd589afb6e18453629af75497a81bcf18,,demo0000015,"{""text"": ""Back with the blue-door study result for Sunday shortlist: the opening gives the rest some context.""}"
UC_demo_aarav_frames,Ugc6b3e0c833a952dc8d1466e0e730f686,2026-05-06T14:23:25+00:00,,Ug4d72a3a70a06599188b4370821193d44,,demo0000015,"{""text"": ""My useful takeaway from the blue-door study: keep the previous ordering beside Sunday shortlist.""}"
UC_demo_aarav_frames,Ug42a11c515a2a5ce68debb5c7dc81ed94,2026-06-06T20:12:42+00:00,,,,demo0000015,"{""text"": ""Quick check on bus-stop frame in the walking-route album: the sign cuts across the umbrella.""}"
UC_demo_aarav_frames,Ugb0540d875c155ee19aab29ac624cd019,2026-06-06T20:14:19+00:00,,Ug42a11c515a2a5ce68debb5c7dc81ed94,,demo0000015,"{""text"": ""I went back to bus-stop frame in the walking-route album to compare the version made a little farther left.""}"
UC_demo_aarav_frames,Ug6cc915a134ed52ccb4b73360dde99606,2026-06-06T20:15:56+00:00,,Ugb0540d875c155ee19aab29ac624cd019,,demo0000015,"{""text"": ""Just compared bus-stop frame again in the walking-route album; the umbrella has breathing room.""}"
UC_demo_aarav_frames,Ugc7422cfdacad59299cd5ec6df6dd9c7f,2026-06-06T20:17:33+00:00,,Ug6cc915a134ed52ccb4b73360dde99606,,demo0000015,"{""text"": ""My useful takeaway from the walking-route album: keep the two-frame comparison beside bus-stop frame.""}"
UC_demo_aarav_frames,Ugf33a95ec4729593398162fa78520e3ca,2026-06-13T18:12:03+00:00,,,,demo0000015,"{""text"": ""Something odd in the contact-sheet review: market sequence has a snag — three near-identical frames slow it down.""}"
UC_demo_aarav_frames,Uge1c657e2aec1500e80a1663c3cd11026,2026-06-13T18:13:40+00:00,,Ugf33a95ec4729593398162fa78520e3ca,,demo0000015,"{""text"": ""Testing one change to market sequence from the contact-sheet review: keep the frame with the clearest gesture.""}"
UC_demo_aarav_frames,Ugd969cd8229dc51dc80d88322fb312429,2026-06-13T18:15:17+00:00,,Uge1c657e2aec1500e80a1663c3cd11026,,demo0000015,"{""text"": ""Saving the revised market sequence from the contact-sheet review, since the sequence moves without that repetition.""}"
UC_demo_aarav_frames,Ug1b3cfd9cdf9a52308dfb6e22faad85f8,2026-06-13T18:16:54+00:00,,Ugd969cd8229dc51dc80d88322fb312429,,demo0000015,"{""text"": ""Keeping the rejected-frame folder with market sequence from the contact-sheet review for future comparison.""}"
UC_demo_aarav_frames,Ug9cc85c02cda85ec68c93566ea0d514f7,2024-07-22T10:39:47+00:00,,,,demo0000016,"{""text"": ""The bit I cannot settle in the bus shelter study is print preview: the margin makes the image feel cramped.""}"
UC_demo_aarav_frames,Ug51131b83744c5f419810e33881771f4e,2024-07-22T10:41:24+00:00,,Ug9cc85c02cda85ec68c93566ea0d514f7,,demo0000016,"{""text"": ""I went back to print preview in the bus shelter study to give the narrow side a little more space.""}"
UC_demo_aarav_frames,Ug20e530531ffd559c9e80d2710d168db5,2024-07-22T10:43:01+00:00,,Ug51131b83744c5f419810e33881771f4e,,demo0000016,"{""text"": ""I see what you meant about print preview in the bus shelter study — the border feels balanced at preview size.""}"
UC_demo_aarav_frames,Uga5d4f7df4b215d1283af1cf3e03061d4,2024-07-22T10:44:38+00:00,,Ug20e530531ffd559c9e80d2710d168db5,,demo0000016,"{""text"": ""Keeping the margin sketch with print preview from the bus shelter study for future comparison.""}"
UC_demo_aarav_frames,Ug5e29b6e7a72f5552bfeba2bca0a1a0d9,2024-11-30T06:57:13+00:00,,,,demo0000016,"{""text"": ""Sorry, saw this late; on Sunday shortlist from the shaded-lane study, the strongest image is buried near the end.""}"
UC_demo_aarav_frames,Ug4ba91316296451caac1fd96b8edc8060,2024-11-30T06:58:50+00:00,,Ug5e29b6e7a72f5552bfeba2bca0a1a0d9,,demo0000016,"{""text"": ""The change I tried in the shaded-lane study was to try opening with the quieter but clearer scene for Sunday shortlist.""}"
UC_demo_aarav_frames,Ugf26f06aa39c2565e97311ba101915ded,2024-11-30T07:00:27+00:00,,Ug4ba91316296451caac1fd96b8edc8060,,demo0000016,"{""text"": ""Tried that for Sunday shortlist in the shaded-lane study, and the opening gives the rest some context.""}"
UC_demo_aarav_frames,Ug07ba61d3a0e15ecca411c854290f4110,2024-11-30T07:02:04+00:00,,Ugf26f06aa39c2565e97311ba101915ded,,demo0000016,"{""text"": ""The previous ordering now sits alongside my Sunday shortlist notes for the shaded-lane study.""}"
UC_demo_aarav_frames,Ug8568fb03bffa5b8b8701c3deeb58b882,2025-01-22T03:07:43+00:00,,,,demo0000016,"{""text"": ""Nearly done with print preview for the walking-route album, except the margin makes the image feel cramped.""}"
UC_demo_aarav_frames,Ug9ccbd472b1d252d893c8b48ef58c8002,2025-01-22T03:09:20+00:00,,Ug8568fb03bffa5b8b8701c3deeb58b882,,demo0000016,"{""text"": ""The change I tried in the walking-route album was to give the narrow side a little more space for print preview.""}"
UC_demo_aarav_frames,Ug07289045e9a05c39a548b72940eae300,2025-01-22T03:10:57+00:00,,Ug9ccbd472b1d252d893c8b48ef58c8002,,demo0000016,"{""text"": ""Just compared print preview again in the walking-route album; the border feels balanced at preview size.""}"
UC_demo_aarav_frames,Ugf4cc7cb0bcc55cc6a424407fbe35dbfe,2025-01-22T03:12:34+00:00,,Ug07289045e9a05c39a548b72940eae300,,demo0000016,"{""text"": ""The margin sketch now sits alongside my print preview notes for the walking-route album.""}"
UC_demo_aarav_frames,Ug0d5e384f47d75c30b18795ed0585773e,2025-04-25T10:58:03+00:00,,,,demo0000016,"{""text"": ""Back at the campus gate set, trying to understand why, in market sequence, three near-identical frames slow it down.""}"
UC_demo_aarav_frames,Ugaf81d9985f7d57a98793a8f9a01e7ce0,2025-04-25T10:59:40+00:00,,Ug0d5e384f47d75c30b18795ed0585773e,,demo0000016,"{""text"": ""For market sequence in the campus gate set, my experiment was to keep the frame with the clearest gesture.""}"
UC_demo_aarav_frames,Ug788344eb8d525e8891f8038492ba6742,2025-04-25T11:01:17+00:00,,Ugaf81d9985f7d57a98793a8f9a01e7ce0,,demo0000016,"{""text"": ""Reopening market sequence from the campus gate set confirms it: the sequence moves without that repetition. 👀""}"
UC_demo_aarav_frames,Ug5762c9e1e20d59188f051e37ebd62bb5,2025-04-25T11:02:54+00:00,,Ug788344eb8d525e8891f8038492ba6742,,demo0000016,"{""text"": ""I saved the rejected-frame folder from the market sequence experiment in the campus gate set.""}"
UC_demo_aarav_frames,Ug68626f3dd5555663b0d5a2c7439deae8,2024-06-04T07:04:01+00:00,,,,demo0000017,"{""text"": ""The bit I cannot settle in the courtyard set is market sequence: three near-identical frames slow it down.""}"
UC_demo_aarav_frames,Ug5357e760198f5ab9bc018d29884da184,2024-06-04T07:05:38+00:00,,Ug68626f3dd5555663b0d5a2c7439deae8,,demo0000017,"{""text"": ""I went back to market sequence in the courtyard set to keep the frame with the clearest gesture.""}"
UC_demo_aarav_frames,Ug7f22dc1264bd51ebbeaf13ebf810fafc,2024-06-04T07:07:15+00:00,,Ug5357e760198f5ab9bc018d29884da184,,demo0000017,"{""text"": ""Reopening market sequence from the courtyard set confirms it: the sequence moves without that repetition.""}"
UC_demo_aarav_frames,Ugae7984067bdc523e8a982a5495001ff9,2024-06-04T07:08:52+00:00,,Ug7f22dc1264bd51ebbeaf13ebf810fafc,,demo0000017,"{""text"": ""My useful takeaway from the courtyard set: keep the rejected-frame folder beside market sequence.""}"
UC_demo_aarav_frames,Ug50c576aba0505388946950ca18ab2443,2024-10-27T16:49:43+00:00,,,,demo0000017,"{""text"": ""Nearly done with rain reflection for the courtyard set, except the inverted shapes look busier than expected.""}"
UC_demo_aarav_frames,Ug34b24b6a88885b8d957935ca93a93497,2024-10-27T16:51:20+00:00,,Ug50c576aba0505388946950ca18ab2443,,demo0000017,"{""text"": ""The change I tried in the courtyard set was to turn the preview around before judging the crop for rain reflection.""}"
UC_demo_aarav_frames,Ug4229e1169fac5b109e7b6efd75fe77cf,2024-10-27T16:52:57+00:00,,Ug34b24b6a88885b8d957935ca93a93497,,demo0000017,"{""text"": ""The revised rain reflection for the courtyard set makes more sense — the reflection reads as a simpler shape.""}"
UC_demo_aarav_frames,Ug2fe14c7a1d3a5039bb22adeb79ef21da,2024-10-27T16:54:34+00:00,,Ug4229e1169fac5b109e7b6efd75fe77cf,,demo0000017,"{""text"": ""My useful takeaway from the courtyard set: keep the alternate orientation beside rain reflection.""}"
UC_demo_aarav_frames,Ugaa77a8068a125ccfb4315897f321630a,2025-03-26T15:04:58+00:00,,,,demo0000017,"{""text"": ""I got stuck on contact sheet while looking at the rain-window set; the bright corner pulls my eye away. 👍""}"
UC_demo_aarav_frames,Ugbcd9cb71e9a45604afd9485e8b8cf94e,2025-03-26T15:06:35+00:00,,Ugaa77a8068a125ccfb4315897f321630a,,demo0000017,"{""text"": ""For contact sheet in the rain-window set, my experiment was to compare a crop that leaves less of that corner.""}"
UC_demo_aarav_frames,Ug7a32a324298459a9ade7de254919af3d,2025-03-26T15:08:12+00:00,,Ugbcd9cb71e9a45604afd9485e8b8cf94e,,demo0000017,"{""text"": ""That helped with contact sheet from the rain-window set: the main shape is easier to notice.""}"
UC_demo_aarav_frames,Ug605ba0e307cc540d8c13baa42277bca8,2025-03-26T15:09:49+00:00,,Ug7a32a324298459a9ade7de254919af3d,,demo0000017,"{""text"": ""I saved the uncropped original from the contact sheet experiment in the rain-window set.""}"
UC_demo_aarav_frames,Ug6bb496fb2a9f5e43b74eaef8aa404a1d,2026-05-31T08:10:01+00:00,,,,demo0000017,"{""text"": ""Sending Sunday shortlist from the flower-stall set over becuase the strongest image is buried near the end.""}"
UC_demo_aarav_frames,Ugc0b40425fb0254648cd15f0921febeb5,2026-05-31T08:11:38+00:00,,Ug6bb496fb2a9f5e43b74eaef8aa404a1d,,demo0000017,"{""text"": ""Testing one change to Sunday shortlist from the flower-stall set: try opening with the quieter but clearer scene.""}"
UC_demo_aarav_frames,Ugd83ca22c47e1583f885fddb6078fb82d,2026-05-31T08:13:15+00:00,,Ugc0b40425fb0254648cd15f0921febeb5,,demo0000017,"{""text"": ""Update on Sunday shortlist in the flower-stall set: the opening gives the rest some context.""}"
UC_demo_aarav_frames,Ug0197a0c84166573192791799ac6d9a24,2026-05-31T08:14:52+00:00,,Ugd83ca22c47e1583f885fddb6078fb82d,,demo0000017,"{""text"": ""Keeping the previous ordering with Sunday shortlist from the flower-stall set for future comparison.""}"
